<!DOCTYPE mapper
        PUBLIC "-//mybatis.org//DTD Mapper 3.0//EN"
        "http://mybatis.org/dtd/mybatis-3-mapper.dtd">
<mapper namespace="com.shishan.hzaushishanexam.mapper.AdminMapper">

    <select id="selectAll" resultType="com.shishan.hzaushishanexam.entity.Admin">
        select * from `admin`
        <where>
            <if test="name != null"> and name like concat('%', #{name}, '%')</if>
        </where>
    </select>

    <delete id="deleteById">
        delete from `admin`
        where id = #{id}
    </delete>

    <!-- insert into admin (username, password, ...) values ('admin', 'admin', ...) -->
    <insert id="insert" parameterType="com.shishan.hzaushishanexam.entity.Admin" useGeneratedKeys="false">
        insert into `admin`
        <trim prefix="(" suffix=")" suffixOverrides=",">
            <if test="id != null">id,</if>
            <if test="password != null">password,</if>
            <if test="name != null">name,</if>
            <if test="email != null">email,</if>
            <if test="role != null">role,</if>
        </trim>
        <trim prefix="values (" suffix=")" suffixOverrides=",">
            <if test="id != null">#{id},</if>
            <if test="password != null">#{password},</if>
            <if test="name != null">#{name},</if>
            <if test="email != null">#{email},</if>
            <if test="role != null">#{role},</if>
        </trim>
    </insert>

    <update id="updateById" parameterType="com.shishan.hzaushishanexam.entity.Admin">
        update `admin`
        <set>
            <if test="password != null">
                password = #{password},
            </if>
            <if test="name != null">
                name = #{name},
            </if>
            <if test="email != null">
                email = #{email},
            </if>
            <if test="role != null">
                role = #{role},
            </if>
        </set>
        where id = #{id}
    </update>

</mapper>